0.00111425;400;7544.58
0.0022285;400;7544.57
0.00334275;400;7544.55
0.00445699;399.999;7544.53
0.00557124;399.998;7544.52
0.00668548;399.997;7544.5
0.00779971;399.996;7544.49
0.00891395;399.994;7544.47
0.0100282;399.992;7544.46
0.0111424;399.99;7544.44
0.0122566;399.987;7544.43
0.0133709;399.984;7544.42
0.0144851;399.981;7544.4
0.0155993;399.978;7544.39
0.0167136;399.974;7544.38
0.0178278;399.97;7544.36
0.018942;399.965;7544.35
0.0200562;399.961;7544.34
0.0211704;399.956;7544.33
0.0222847;399.951;7544.32
0.0233989;399.945;7544.31
0.0245131;399.94;7544.3
0.0256273;399.933;7544.29
0.0267415;399.927;7544.28
0.0278558;399.921;7544.27
0.02897;399.914;7544.26
0.0300842;399.906;7544.25
0.0311984;399.899;7544.24
0.0323126;399.891;7544.23
0.0334268;399.883;7544.23
0.0345411;399.875;7544.22
0.0356553;399.866;7544.21
0.0367695;399.857;7544.21
0.0378837;399.848;7544.2
0.0389979;399.838;7544.19
0.0401121;399.829;7544.19
0.0412264;399.819;7544.18
0.0423406;399.808;7544.18
0.0434548;399.797;7544.17
0.044569;399.787;7544.17
0.0456833;399.775;7544.17
0.0467975;399.764;7544.16
0.0479117;399.752;7544.16
0.0490259;399.74;7544.16
0.0501402;399.727;7544.15
0.0512544;399.715;7544.15
0.0523686;399.702;7544.15
0.0534829;399.688;7544.15
0.0545971;399.675;7544.15
0.0557113;399.661;7544.15
0.0568256;399.647;7544.14
0.0579398;399.633;7544.14
0.0590541;399.618;7544.14
0.0601683;399.603;7544.14
0.0612826;399.588;7544.15
0.0623968;399.572;7544.15
0.0635111;399.556;7544.15
0.0646253;399.54;7544.15
0.0657396;399.523;7544.15
0.0668539;399.507;7544.15
0.0679681;399.49;7544.16
0.0690824;399.472;7544.16
0.0701967;399.455;7544.16
0.0713109;399.437;7544.17
0.0724252;399.419;7544.17
0.0735395;399.4;7544.18
0.0746538;399.381;7544.18
0.0757681;399.362;7544.18
0.0768824;399.343;7544.19
0.0779967;399.323;7544.2
0.079111;399.304;7544.2
0.0802253;399.283;7544.21
0.0813396;399.263;7544.22
0.0824539;399.242;7544.22
0.0835682;399.221;7544.23
0.0846826;399.2;7544.24
0.0857969;399.178;7544.25
0.0869112;399.156;7544.25
0.0880256;399.134;7544.26
0.0891399;399.111;7544.27
0.0902543;399.088;7544.28
0.0913686;399.065;7544.29
0.092483;399.042;7544.3
0.0935973;399.018;7544.31
0.0947117;398.994;7544.32
0.0958261;398.97;7544.33
0.0969405;398.945;7544.34
0.0980548;398.921;7544.36
0.0991692;398.895;7544.37
0.100284;398.87;7544.38
0.101398;398.844;7544.39
0.102512;398.818;7544.41
0.103627;398.792;7544.42
0.104741;398.765;7544.43
0.105856;398.739;7544.45
0.10697;398.711;7544.46
0.108085;398.684;7544.48
0.109199;398.656;7544.49
0.110313;398.628;7544.51
0.111428;398.6;7544.52
0.112542;398.571;7544.54
0.113657;398.542;7544.56
0.114771;398.513;7544.57
0.115886;398.484;7544.59
0.117;398.454;7544.61
0.118115;398.424;7544.62
0.119229;398.393;7544.64
0.120344;398.363;7544.66
0.121458;398.332;7544.68
0.122573;398.301;7544.7
0.123687;398.269;7544.72
0.124802;398.237;7544.74
0.125917;398.205;7544.76
0.127031;398.173;7544.78
0.128146;398.14;7544.8
0.12926;398.107;7544.82
0.130375;398.074;7544.84
0.13149;398.04;7544.86
0.132604;398.007;7544.89
0.133719;397.972;7544.91
0.134833;397.938;7544.93
0.135948;397.903;7544.95
0.137063;397.868;7544.98
0.138177;397.833;7545
0.139292;397.798;7545.03
0.140407;397.762;7545.05
0.141521;397.726;7545.07
0.142636;397.689;7545.1
0.143751;397.652;7545.12
0.144865;397.615;7545.15
0.14598;397.578;7545.18
0.147095;397.54;7545.2
0.14821;397.503;7545.23
0.149324;397.464;7545.26
0.150439;397.426;7545.28
0.151554;397.387;7545.31
0.152669;397.348;7545.34
0.153783;397.309;7545.37
0.154898;397.269;7545.4
0.156013;397.229;7545.43
0.157128;397.189;7545.46
0.158243;397.149;7545.49
0.159358;397.108;7545.52
0.160472;397.067;7545.55
0.161587;397.025;7545.58
0.162702;396.984;7545.61
0.163817;396.942;7545.64
0.164932;396.899;7545.67
0.166047;396.857;7545.7
0.167162;396.814;7545.74
0.168277;396.771;7545.77
0.169392;396.728;7545.8
0.170507;396.684;7545.84
0.171622;396.64;7545.87
0.172737;396.596;7545.9
0.173852;396.551;7545.94
0.174967;396.506;7545.97
0.176082;396.461;7546.01
0.177197;396.416;7546.04
0.178312;396.37;7546.08
0.179427;396.324;7546.12
0.180542;396.278;7546.15
0.181657;396.231;7546.19
0.182772;396.184;7546.23
0.183887;396.137;7546.26
0.185002;396.09;7546.3
0.186117;396.042;7546.34
0.187232;395.994;7546.38
0.188348;395.946;7546.42
0.189463;395.897;7546.46
0.190578;395.848;7546.5
0.191693;395.799;7546.53
0.192808;395.749;7546.58
0.193924;395.7;7546.62
0.195039;395.65;7546.66
0.196154;395.599;7546.7
0.197269;395.549;7546.74
0.198385;395.498;7546.78
0.1995;395.447;7546.82
0.200615;395.395;7546.87
0.201731;395.343;7546.91
0.202846;395.291;7546.95
0.203961;395.239;7546.99
0.205077;395.186;7547.04
0.206192;395.133;7547.08
0.207307;395.08;7547.13
0.208423;395.026;7547.17
0.209538;394.973;7547.22
0.210654;394.919;7547.26
0.211769;394.864;7547.31
0.212885;394.809;7547.35
0.214;394.754;7547.4
0.215116;394.699;7547.45
0.216231;394.644;7547.5
0.217347;394.588;7547.54
0.218462;394.532;7547.59
0.219578;394.475;7547.64
0.220693;394.419;7547.69
0.221809;394.362;7547.74
0.222925;394.304;7547.79
0.22404;394.247;7547.83
0.225156;394.189;7547.88
0.226272;394.131;7547.93
0.227387;394.072;7547.99
0.228503;394.014;7548.04
0.229619;393.955;7548.09
0.230734;393.895;7548.14
0.23185;393.836;7548.19
0.232966;393.776;7548.24
0.234082;393.716;7548.29
0.235198;393.655;7548.35
0.236313;393.594;7548.4
0.237429;393.533;7548.45
0.238545;393.472;7548.51
0.239661;393.411;7548.56
0.240777;393.349;7548.62
0.241893;393.286;7548.67
0.243009;393.224;7548.73
0.244125;393.161;7548.78
0.245241;393.098;7548.84
0.246357;393.035;7548.89
0.247473;392.971;7548.95
0.248589;392.907;7549.01
0.249705;392.843;7549.06
0.250821;392.779;7549.12
0.251937;392.714;7549.18
0.253053;392.649;7549.24
0.254169;392.583;7549.3
0.255285;392.518;7549.36
0.256401;392.452;7549.41
0.257518;392.386;7549.47
0.258634;392.319;7549.53
0.25975;392.252;7549.59
0.260866;392.185;7549.65
0.261982;392.118;7549.72
0.263099;392.05;7549.78
0.264215;391.982;7549.84
0.265331;391.914;7549.9
0.266448;391.846;7549.96
0.267564;391.777;7550.02
0.26868;391.708;7550.09
0.269797;391.638;7550.15
0.270913;391.569;7550.21
0.27203;391.499;7550.28
0.273146;391.428;7550.34
0.274263;391.358;7550.41
0.275379;391.287;7550.47
0.276496;391.216;7550.54
0.277612;391.145;7550.6
0.278729;391.073;7550.67
0.279845;391.001;7550.73
0.280962;390.929;7550.8
0.282078;390.856;7550.87
0.283195;390.783;7550.93
0.284312;390.71;7551
0.285428;390.637;7551.07
0.286545;390.563;7551.14
0.287662;390.489;7551.21
0.288779;390.415;7551.27
0.289895;390.34;7551.34
0.291012;390.266;7551.41
0.292129;390.19;7551.48
0.293246;390.115;7551.55
0.294363;390.039;7551.62
0.29548;389.963;7551.69
0.296597;389.887;7551.76
0.297713;389.811;7551.84
0.29883;389.734;7551.91
0.299947;389.657;7551.98
0.301064;389.579;7552.05
0.302181;389.501;7552.13
0.303298;389.423;7552.2
0.304416;389.345;7552.27
0.305533;389.267;7552.35
0.30665;389.188;7552.42
0.307767;389.109;7552.49
0.308884;389.029;7552.57
0.310001;388.95;7552.64
0.311118;388.87;7552.72
0.312236;388.789;7552.79
0.313353;388.709;7552.87
0.31447;388.628;7552.95
0.315588;388.547;7553.02
0.316705;388.465;7553.1
0.317822;388.384;7553.18
0.31894;388.302;7553.26
0.320057;388.22;7553.33
0.321174;388.137;7553.41
0.322292;388.054;7553.49
0.323409;387.971;7553.57
0.324527;387.888;7553.65
0.325644;387.804;7553.73
0.326762;387.72;7553.81
0.32788;387.636;7553.89
0.328997;387.551;7553.97
0.330115;387.466;7554.05
0.331233;387.381;7554.13
0.33235;387.296;7554.21
0.333468;387.21;7554.3
0.334586;387.124;7554.38
0.335703;387.038;7554.46
0.336821;386.951;7554.54
0.337939;386.865;7554.63
0.339057;386.778;7554.71
0.340175;386.69;7554.8
0.341293;386.602;7554.88
0.342411;386.515;7554.96
0.343528;386.426;7555.05
0.344646;386.338;7555.13
0.345764;386.249;7555.22
0.346882;386.16;7555.31
0.348001;386.071;7555.39
0.349119;385.981;7555.48
0.350237;385.891;7555.57
0.351355;385.801;7555.65
0.352473;385.71;7555.74
0.353591;385.619;7555.83
0.354709;385.528;7555.92
0.355828;385.437;7556.01
0.356946;385.345;7556.09
0.358064;385.253;7556.18
0.359183;385.161;7556.27
0.360301;385.069;7556.36
0.361419;384.976;7556.45
0.362538;384.883;7556.54
0.363656;384.79;7556.63
0.364775;384.696;7556.73
0.365893;384.602;7556.82
0.367012;384.508;7556.91
0.36813;384.413;7557
0.369249;384.319;7557.09
0.370367;384.224;7557.19
0.371486;384.128;7557.28
0.372605;384.033;7557.37
0.373723;383.937;7557.47
0.374842;383.841;7557.56
0.375961;383.744;7557.66
0.37708;383.648;7557.75
0.378199;383.551;7557.85
0.379317;383.453;7557.94
0.380436;383.356;7558.04
0.381555;383.258;7558.13
0.382674;383.16;7558.23
0.383793;383.061;7558.33
0.384912;382.963;7558.42
0.386031;382.864;7558.52
0.38715;382.764;7558.62
0.388269;382.665;7558.72
0.389388;382.565;7558.81
0.390508;382.465;7558.91
0.391627;382.365;7559.01
0.392746;382.264;7559.11
0.393865;382.163;7559.21
0.394984;382.062;7559.31
0.396104;381.96;7559.41
0.397223;381.859;7559.51
0.398342;381.756;7559.61
0.399462;381.654;7559.71
0.400581;381.552;7559.82
0.401701;381.449;7559.92
0.40282;381.345;7560.02
0.40394;381.242;7560.12
0.405059;381.138;7560.23
0.406179;381.034;7560.33
0.407299;380.93;7560.43
0.408418;380.825;7560.54
0.409538;380.72;7560.64
0.410658;380.615;7560.75
0.411777;380.51;7560.85
0.412897;380.404;7560.96
0.414017;380.298;7561.06
0.415137;380.192;7561.17
0.416257;380.085;7561.27
0.417377;379.979;7561.38
0.418497;379.872;7561.49
0.419617;379.764;7561.59
0.420737;379.657;7561.7
0.421857;379.549;7561.81
0.422977;379.44;7561.92
0.424097;379.332;7562.03
0.425217;379.223;7562.13
0.426337;379.114;7562.24
0.427457;379.005;7562.35
0.428578;378.895;7562.46
0.429698;378.785;7562.57
0.430818;378.675;7562.68
0.431939;378.565;7562.79
0.433059;378.454;7562.9
0.434179;378.343;7563.02
0.4353;378.232;7563.13
0.43642;378.12;7563.24
0.437541;378.008;7563.35
0.438661;377.896;7563.46
0.439782;377.784;7563.58
0.440903;377.671;7563.69
0.442023;377.558;7563.8
0.443144;377.445;7563.92
0.444265;377.332;7564.03
0.445385;377.218;7564.15
0.446506;377.104;7564.26
0.447627;376.99;7564.38
0.448748;376.875;7564.49
0.449869;376.76;7564.61
0.45099;376.645;7564.72
0.452111;376.53;7564.84
0.453232;376.414;7564.96
0.454353;376.298;7565.08
0.455474;376.182;7565.19
0.456595;376.065;7565.31
0.457716;375.948;7565.43
0.458837;375.831;7565.55
0.459959;375.714;7565.67
0.46108;375.596;7565.78
0.462201;375.478;7565.9
0.463323;375.36;7566.02
0.464444;375.242;7566.14
0.465565;375.123;7566.26
0.466687;375.004;7566.38
0.467808;374.885;7566.51
0.46893;374.765;7566.63
0.470051;374.645;7566.75
0.471173;374.525;7566.87
0.472295;374.405;7566.99
0.473416;374.284;7567.12
0.474538;374.163;7567.24
0.47566;374.042;7567.36
0.476782;373.921;7567.49
0.477903;373.799;7567.61
0.479025;373.677;7567.73
0.480147;373.555;7567.86
0.481269;373.432;7567.98
0.482391;373.309;7568.11
0.483513;373.186;7568.23
0.484635;373.063;7568.36
0.485757;372.939;7568.49
0.486879;372.815;7568.61
0.488002;372.691;7568.74
0.489124;372.567;7568.87
0.490246;372.442;7568.99
0.491368;372.317;7569.12
0.492491;372.192;7569.25
0.493613;372.066;7569.38
0.494735;371.94;7569.51
0.495858;371.814;7569.63
0.49698;371.688;7569.76
0.498103;371.561;7569.89
0.499225;371.434;7570.02
0.500348;371.307;7570.15
0.501471;371.179;7570.28
0.502593;371.052;7570.41
0.503716;370.924;7570.55
0.504839;370.795;7570.68
0.505962;370.667;7570.81
0.507085;370.538;7570.94
0.508207;370.409;7571.07
0.50933;370.28;7571.21
0.510453;370.15;7571.34
0.511576;370.02;7571.47
0.512699;369.89;7571.61
0.513822;369.759;7571.74
0.514946;369.629;7571.87
0.516069;369.498;7572.01
0.517192;369.367;7572.14
0.518315;369.235;7572.28
0.519438;369.103;7572.42
0.520562;368.971;7572.55
0.521685;368.839;7572.69
0.522809;368.706;7572.82
0.523932;368.573;7572.96
0.525056;368.44;7573.1
0.526179;368.307;7573.24
0.527303;368.173;7573.37
0.528426;368.039;7573.51
0.52955;367.905;7573.65
0.530674;367.77;7573.79
0.531798;367.636;7573.93
0.532921;367.501;7574.07
0.534045;367.365;7574.21
0.535169;367.23;7574.35
0.536293;367.094;7574.49
0.537417;366.958;7574.63
0.538541;366.822;7574.77
0.539665;366.685;7574.91
0.540789;366.548;7575.05
0.541913;366.411;7575.19
0.543037;366.273;7575.34
0.544162;366.136;7575.48
0.545286;365.998;7575.62
0.54641;365.86;7575.76
0.547535;365.721;7575.91
0.548659;365.582;7576.05
0.549783;365.443;7576.2
0.550908;365.304;7576.34
0.552032;365.164;7576.48
0.553157;365.025;7576.63
0.554282;364.884;7576.77
0.555406;364.744;7576.92
0.556531;364.603;7577.07
0.557656;364.463;7577.21
0.558781;364.321;7577.36
0.559905;364.18;7577.51
0.56103;364.038;7577.65
0.562155;363.896;7577.8
0.56328;363.754;7577.95
0.564405;363.612;7578.1
0.56553;363.469;7578.24
0.566655;363.326;7578.39
0.567781;363.183;7578.54
0.568906;363.039;7578.69
0.570031;362.895;7578.84
0.571156;362.751;7578.99
0.572282;362.607;7579.14
0.573407;362.462;7579.29
0.574533;362.317;7579.44
0.575658;362.172;7579.59
0.576784;362.027;7579.75
0.577909;361.881;7579.9
0.579035;361.735;7580.05
0.58016;361.589;7580.2
0.581286;361.443;7580.35
0.582412;361.296;7580.51
0.583538;361.149;7580.66
0.584664;361.002;7580.82
0.585789;360.854;7580.97
0.586915;360.707;7581.12
0.588041;360.558;7581.28
0.589167;360.41;7581.43
0.590293;360.262;7581.59
0.59142;360.113;7581.74
0.592546;359.964;7581.9
0.593672;359.814;7582.06
0.594798;359.665;7582.21
0.595925;359.515;7582.37
0.597051;359.365;7582.53
0.598177;359.215;7582.68
0.599304;359.064;7582.84
0.60043;358.913;7583
0.601557;358.762;7583.16
0.602684;358.61;7583.32
0.60381;358.459;7583.47
0.604937;358.307;7583.63
0.606064;358.155;7583.79
0.60719;358.002;7583.95
0.608317;357.85;7584.11
0.609444;357.697;7584.27
0.610571;357.543;7584.43
0.611698;357.39;7584.59
0.612825;357.236;7584.76
0.613952;357.082;7584.92
0.615079;356.928;7585.08
0.616207;356.773;7585.24
0.617334;356.619;7585.4
0.618461;356.463;7585.57
0.619589;356.308;7585.73
0.620716;356.153;7585.89
0.621843;355.997;7586.06
0.622971;355.841;7586.22
0.624098;355.684;7586.39
0.625226;355.528;7586.55
0.626354;355.371;7586.72
0.627481;355.214;7586.88
0.628609;355.057;7587.05
0.629737;354.899;7587.21
0.630865;354.741;7587.38
0.631993;354.583;7587.54
0.63312;354.425;7587.71
0.634248;354.266;7587.88
0.635377;354.107;7588.05
0.636505;353.948;7588.21
0.637633;353.788;7588.38
0.638761;353.629;7588.55
0.639889;353.469;7588.72
0.641018;353.309;7588.89
0.642146;353.148;7589.06
0.643274;352.988;7589.23
0.644403;352.827;7589.4
0.645531;352.665;7589.57
0.64666;352.504;7589.74
0.647788;352.342;7589.91
0.648917;352.18;7590.08
0.650046;352.018;7590.25
0.651175;351.856;7590.42
0.652303;351.693;7590.59
0.653432;351.53;7590.76
0.654561;351.367;7590.94
0.65569;351.203;7591.11
0.656819;351.04;7591.28
0.657948;350.876;7591.46
0.659077;350.711;7591.63
0.660206;350.547;7591.8
0.661336;350.382;7591.98
0.662465;350.217;7592.15
0.663594;350.052;7592.33
0.664724;349.886;7592.5
0.665853;349.721;7592.68
0.666983;349.555;7592.85
0.668112;349.388;7593.03
0.669242;349.222;7593.21
0.670371;349.055;7593.38
0.671501;348.888;7593.56
0.672631;348.721;7593.74
0.673761;348.553;7593.92
0.674891;348.386;7594.09
0.676021;348.218;7594.27
0.677151;348.049;7594.45
0.678281;347.881;7594.63
0.679411;347.712;7594.81
0.680541;347.543;7594.99
0.681671;347.374;7595.17
0.682801;347.204;7595.35
0.683932;347.034;7595.53
0.685062;346.864;7595.71
0.686192;346.694;7595.89
0.687323;346.524;7596.07
0.688453;346.353;7596.25
0.689584;346.182;7596.43
0.690715;346.011;7596.61
0.691845;345.839;7596.8
0.692976;345.667;7596.98
0.694107;345.495;7597.16
0.695238;345.323;7597.34
0.696369;345.151;7597.53
0.6975;344.978;7597.71
0.698631;344.805;7597.9
0.699762;344.632;7598.08
0.700893;344.458;7598.26
0.702024;344.285;7598.45
0.703155;344.111;7598.63
0.704287;343.936;7598.82
0.705418;343.762;7599.01
0.706549;343.587;7599.19
0.707681;343.412;7599.38
0.708812;343.237;7599.56
0.709944;343.062;7599.75
0.711076;342.886;7599.94
0.712207;342.71;7600.13
0.713339;342.534;7600.31
0.714471;342.357;7600.5
0.715603;342.181;7600.69
0.716735;342.004;7600.88
0.717867;341.827;7601.07
0.718999;341.649;7601.26
0.720131;341.472;7601.45
0.721263;341.294;7601.64
0.722395;341.116;7601.83
0.723527;340.937;7602.02
0.72466;340.759;7602.21
0.725792;340.58;7602.4
0.726925;340.401;7602.59
0.728057;340.221;7602.78
0.72919;340.042;7602.97
0.730322;339.862;7603.17
0.731455;339.682;7603.36
0.732588;339.501;7603.55
0.73372;339.321;7603.74
0.734853;339.14;7603.94
0.735986;338.959;7604.13
0.737119;338.778;7604.32
0.738252;338.596;7604.52
0.739385;338.414;7604.71
0.740518;338.232;7604.91
0.741652;338.05;7605.1
0.742785;337.868;7605.3
0.743918;337.685;7605.49
0.745052;337.502;7605.69
0.746185;337.319;7605.89
0.747319;337.135;7606.08
0.748452;336.952;7606.28
0.749586;336.768;7606.48
0.750719;336.584;7606.67
0.751853;336.399;7606.87
0.752987;336.215;7607.07
0.754121;336.03;7607.27
0.755255;335.845;7607.46
0.756389;335.659;7607.66
0.757523;335.474;7607.86
0.758657;335.288;7608.06
0.759791;335.102;7608.26
0.760925;334.915;7608.46
0.762059;334.729;7608.66
0.763194;334.542;7608.86
0.764328;334.355;7609.06
0.765463;334.168;7609.26
0.766597;333.98;7609.46
0.767732;333.793;7609.67
0.768866;333.605;7609.87
0.770001;333.416;7610.07
0.771136;333.228;7610.27
0.772271;333.039;7610.48
0.773406;332.85;7610.68
0.774541;332.661;7610.88
0.775676;332.472;7611.08
0.776811;332.282;7611.29
0.777946;332.092;7611.49
0.779081;331.902;7611.7
0.780216;331.712;7611.9
0.781352;331.522;7612.11
0.782487;331.331;7612.31
0.783622;331.14;7612.52
0.784758;330.948;7612.72
0.785893;330.757;7612.93
0.787029;330.565;7613.14
0.788165;330.373;7613.34
0.789301;330.181;7613.55
0.790436;329.989;7613.76
0.791572;329.796;7613.96
0.792708;329.603;7614.17
0.793844;329.41;7614.38
0.79498;329.217;7614.59
0.796116;329.023;7614.8
0.797253;328.829;7615
0.798389;328.635;7615.21
0.799525;328.441;7615.42
0.800662;328.247;7615.63
0.801798;328.052;7615.84
0.802935;327.857;7616.05
0.804071;327.662;7616.26
0.805208;327.466;7616.47
0.806344;327.271;7616.68
0.807481;327.075;7616.9
0.808618;326.879;7617.11
0.809755;326.682;7617.32
0.810892;326.486;7617.53
0.812029;326.289;7617.74
0.813166;326.092;7617.96
0.814303;325.895;7618.17
0.81544;325.697;7618.38
0.816578;325.5;7618.6
0.817715;325.302;7618.81
0.818852;325.103;7619.02
0.81999;324.905;7619.24
0.821127;324.706;7619.45
0.822265;324.508;7619.67
0.823403;324.309;7619.88
0.82454;324.109;7620.1
0.825678;323.91;7620.31
0.826816;323.71;7620.53
0.827954;323.51;7620.75
0.829092;323.31;7620.96
0.83023;323.109;7621.18
0.831368;322.909;7621.4
0.832506;322.708;7621.61
0.833645;322.507;7621.83
0.834783;322.305;7622.05
0.835921;322.104;7622.27
0.83706;321.902;7622.48
0.838198;321.7;7622.7
0.839337;321.498;7622.92
0.840476;321.296;7623.14
0.841614;321.093;7623.36
0.842753;320.89;7623.58
0.843892;320.687;7623.8
0.845031;320.484;7624.02
0.84617;320.28;7624.24
0.847309;320.076;7624.46
0.848448;319.872;7624.68
0.849587;319.668;7624.9
0.850727;319.464;7625.13
0.851866;319.259;7625.35
0.853005;319.054;7625.57
0.854145;318.849;7625.79
0.855284;318.644;7626.01
0.856424;318.438;7626.24
0.857563;318.232;7626.46
0.858703;318.026;7626.68
0.859843;317.82;7626.91
0.860983;317.614;7627.13
0.862123;317.407;7627.36
0.863263;317.2;7627.58
0.864403;316.993;7627.81
0.865543;316.786;7628.03
0.866683;316.578;7628.26
0.867823;316.37;7628.48
0.868964;316.162;7628.71
0.870104;315.954;7628.93
0.871245;315.746;7629.16
0.872385;315.537;7629.39
0.873526;315.328;7629.61
0.874667;315.119;7629.84
0.875807;314.91;7630.07
0.876948;314.701;7630.3
0.878089;314.491;7630.52
0.87923;314.281;7630.75
0.880371;314.071;7630.98
0.881512;313.861;7631.21
0.882653;313.65;7631.44
0.883795;313.439;7631.67
0.884936;313.228;7631.9
0.886077;313.017;7632.13
0.887219;312.806;7632.36
0.88836;312.594;7632.59
0.889502;312.382;7632.82
0.890643;312.17;7633.05
0.891785;311.958;7633.28
0.892927;311.745;7633.51
0.894069;311.533;7633.74
0.895211;311.32;7633.97
0.896353;311.107;7634.21
0.897495;310.893;7634.44
0.898637;310.68;7634.67
0.899779;310.466;7634.9
0.900921;310.252;7635.14
0.902064;310.038;7635.37
0.903206;309.823;7635.6
0.904349;309.609;7635.84
0.905491;309.394;7636.07
0.906634;309.179;7636.31
0.907777;308.964;7636.54
0.908919;308.748;7636.78
0.910062;308.532;7637.01
0.911205;308.317;7637.25
0.912348;308.1;7637.48
0.913491;307.884;7637.72
0.914634;307.668;7637.95
0.915778;307.451;7638.19
0.916921;307.234;7638.43
0.918064;307.017;7638.66
0.919208;306.8;7638.9
0.920351;306.582;7639.14
0.921495;306.364;7639.38
0.922638;306.146;7639.61
0.923782;305.928;7639.85
0.924926;305.71;7640.09
0.92607;305.491;7640.33
0.927214;305.272;7640.57
0.928358;305.053;7640.81
0.929502;304.834;7641.05
0.930646;304.615;7641.29
0.93179;304.395;7641.53
0.932934;304.175;7641.77
0.934079;303.955;7642.01
0.935223;303.735;7642.25
0.936368;303.515;7642.49
0.937512;303.294;7642.73
0.938657;303.073;7642.97
0.939802;302.852;7643.21
0.940946;302.631;7643.46
0.942091;302.409;7643.7
0.943236;302.188;7643.94
0.944381;301.966;7644.18
0.945526;301.744;7644.43
0.946672;301.521;7644.67
0.947817;301.299;7644.91
0.948962;301.076;7645.16
0.950108;300.853;7645.4
0.951253;300.63;7645.65
0.952399;300.407;7645.89
0.953544;300.184;7646.13
0.95469;299.96;7646.38
0.955836;299.736;7646.62
0.956981;299.512;7646.87
0.958127;299.288;7647.12
0.959273;299.063;7647.36
0.960419;298.838;7647.61
0.961566;298.614;7647.85
0.962712;298.388;7648.1
0.963858;298.163;7648.35
0.965004;297.938;7648.6
0.966151;297.712;7648.84
0.967297;297.486;7649.09
0.968444;297.26;7649.34
0.969591;297.034;7649.59
0.970737;296.807;7649.83
0.971884;296.581;7650.08
0.973031;296.354;7650.33
0.974178;296.127;7650.58
0.975325;295.899;7650.83
0.976472;295.672;7651.08
0.977619;295.444;7651.33
0.978767;295.216;7651.58
0.979914;294.988;7651.83
0.981061;294.76;7652.08
0.982209;294.532;7652.33
0.983356;294.303;7652.58
0.984504;294.074;7652.83
0.985652;293.845;7653.09
0.9868;293.616;7653.34
0.987948;293.387;7653.59
0.989095;293.157;7653.84
0.990244;292.927;7654.09
0.991392;292.697;7654.35
0.99254;292.467;7654.6
0.993688;292.237;7654.85
0.994836;292.006;7655.11
0.995985;291.775;7655.36
0.997133;291.544;7655.61
0.998282;291.313;7655.87
0.999431;291.082;7656.12
1.00058;290.85;7656.38
1.00173;290.619;7656.63
1.00288;290.387;7656.89
1.00403;290.155;7657.14
1.00517;289.922;7657.4
1.00632;289.69;7657.65
1.00747;289.457;7657.91
1.00862;289.224;7658.17
1.00977;288.991;7658.42
1.01092;288.758;7658.68
1.01207;288.525;7658.94
1.01322;288.291;7659.19
1.01437;288.057;7659.45
1.01552;287.823;7659.71
1.01667;287.589;7659.97
1.01782;287.355;7660.23
1.01897;287.12;7660.48
1.02012;286.885;7660.74
1.02127;286.65;7661
1.02242;286.415;7661.26
1.02357;286.18;7661.52
1.02472;285.944;7661.78
1.02587;285.709;7662.04
1.02702;285.473;7662.3
1.02817;285.237;7662.56
1.02932;285.001;7662.82
1.03047;284.764;7663.08
1.03162;284.528;7663.34
1.03278;284.291;7663.6
1.03393;284.054;7663.87
1.03508;283.817;7664.13
1.03623;283.579;7664.39
1.03738;283.342;7664.65
1.03853;283.104;7664.91
1.03968;282.866;7665.18
1.04083;282.628;7665.44
1.04199;282.39;7665.7
1.04314;282.152;7665.96
1.04429;281.913;7666.23
1.04544;281.674;7666.49
1.04659;281.435;7666.76
1.04774;281.196;7667.02
1.0489;280.957;7667.28
1.05005;280.717;7667.55
1.0512;280.478;7667.81
1.05235;280.238;7668.08
1.05351;279.998;7668.34
1.05466;279.757;7668.61
1.05581;279.517;7668.88
1.05696;279.276;7669.14
1.05812;279.036;7669.41
1.05927;278.795;7669.67
1.06042;278.554;7669.94
1.06157;278.312;7670.21
1.06273;278.071;7670.47
1.06388;277.829;7670.74
1.06503;277.587;7671.01
1.06619;277.345;7671.28
1.06734;277.103;7671.55
1.06849;276.861;7671.81
1.06965;276.618;7672.08
1.0708;276.376;7672.35
1.07195;276.133;7672.62
1.07311;275.89;7672.89
1.07426;275.646;7673.16
1.07542;275.403;7673.43
1.07657;275.159;7673.7
1.07772;274.916;7673.97
1.07888;274.672;7674.24
1.08003;274.428;7674.51
1.08119;274.183;7674.78
1.08234;273.939;7675.05
1.0835;273.694;7675.32
1.08465;273.449;7675.59
1.0858;273.204;7675.86
1.08696;272.959;7676.13
1.08811;272.714;7676.41
1.08927;272.469;7676.68
1.09042;272.223;7676.95
1.09158;271.977;7677.22
1.09273;271.731;7677.5
1.09389;271.485;7677.77
1.09504;271.239;7678.04
1.0962;270.992;7678.32
1.09736;270.745;7678.59
1.09851;270.499;7678.86
1.09967;270.252;7679.14
1.10082;270.004;7679.41
1.10198;269.757;7679.69
1.10313;269.51;7679.96
1.10429;269.262;7680.24
1.10545;269.014;7680.51
1.1066;268.766;7680.79
1.10776;268.518;7681.06
1.10891;268.27;7681.34
1.11007;268.021;7681.61
1.11123;267.772;7681.89
1.11238;267.524;7682.17
1.11354;267.275;7682.44
1.1147;267.025;7682.72
1.11585;266.776;7683
1.11701;266.527;7683.27
1.11817;266.277;7683.55
1.11933;266.027;7683.83
1.12048;265.777;7684.11
1.12164;265.527;7684.39
1.1228;265.277;7684.66
1.12395;265.026;7684.94
1.12511;264.776;7685.22
1.12627;264.525;7685.5
1.12743;264.274;7685.78
1.12858;264.023;7686.06
1.12974;263.771;7686.34
1.1309;263.52;7686.62
1.13206;263.268;7686.9
1.13322;263.017;7687.18
1.13437;262.765;7687.46
1.13553;262.513;7687.74
1.13669;262.26;7688.02
1.13785;262.008;7688.3
1.13901;261.755;7688.58
1.14017;261.503;7688.86
1.14133;261.25;7689.15
1.14248;260.997;7689.43
1.14364;260.744;7689.71
1.1448;260.49;7689.99
1.14596;260.237;7690.27
1.14712;259.983;7690.56
1.14828;259.729;7690.84
1.14944;259.475;7691.12
1.1506;259.221;7691.41
1.15176;258.967;7691.69
1.15292;258.712;7691.97
1.15408;258.458;7692.26
1.15524;258.203;7692.54
1.1564;257.948;7692.83
1.15756;257.693;7693.11
1.15872;257.438;7693.39
1.15988;257.182;7693.68
1.16104;256.927;7693.96
1.1622;256.671;7694.25
1.16336;256.415;7694.54
1.16452;256.159;7694.82
1.16568;255.903;7695.11
1.16684;255.647;7695.39
1.168;255.391;7695.68
1.16916;255.134;7695.97
1.17032;254.877;7696.25
1.17148;254.62;7696.54
1.17264;254.363;7696.83
1.1738;254.106;7697.11
1.17497;253.849;7697.4
1.17613;253.591;7697.69
1.17729;253.334;7697.98
1.17845;253.076;7698.26
1.17961;252.818;7698.55
1.18077;252.56;7698.84
1.18193;252.302;7699.13
1.1831;252.043;7699.42
1.18426;251.785;7699.71
1.18542;251.526;7700
1.18658;251.267;7700.29
1.18774;251.008;7700.58
1.18891;250.749;7700.87
1.19007;250.49;7701.16
1.19123;250.231;7701.45
1.19239;249.971;7701.74
1.19356;249.711;7702.03
1.19472;249.451;7702.32
1.19588;249.191;7702.61
1.19704;248.931;7702.9
1.19821;248.671;7703.19
1.19937;248.411;7703.48
1.20053;248.15;7703.77
1.2017;247.889;7704.07
1.20286;247.629;7704.36
1.20402;247.368;7704.65
1.20519;247.106;7704.94
1.20635;246.845;7705.24
1.20751;246.584;7705.53
1.20868;246.322;7705.82
1.20984;246.06;7706.12
1.21101;245.799;7706.41
1.21217;245.537;7706.7
1.21333;245.275;7707
1.2145;245.012;7707.29
1.21566;244.75;7707.58
1.21683;244.487;7707.88
1.21799;244.225;7708.17
1.21916;243.962;7708.47
1.22032;243.699;7708.76
1.22149;243.436;7709.06
1.22265;243.173;7709.35
1.22382;242.909;7709.65
1.22498;242.646;7709.94
1.22615;242.382;7710.24
1.22731;242.118;7710.54
1.22848;241.855;7710.83
1.22964;241.59;7711.13
1.23081;241.326;7711.43
1.23197;241.062;7711.72
1.23314;240.798;7712.02
1.2343;240.533;7712.32
1.23547;240.268;7712.61
1.23664;240.003;7712.91
1.2378;239.738;7713.21
1.23897;239.473;7713.51
1.24013;239.208;7713.8
1.2413;238.943;7714.1
1.24247;238.677;7714.4
1.24363;238.412;7714.7
1.2448;238.146;7715
1.24597;237.88;7715.3
1.24713;237.614;7715.6
1.2483;237.348;7715.9
1.24947;237.081;7716.19
1.25063;236.815;7716.49
1.2518;236.548;7716.79
1.25297;236.282;7717.09
1.25414;236.015;7717.39
1.2553;235.748;7717.69
1.25647;235.481;7718
1.25764;235.214;7718.3
1.25881;234.946;7718.6
1.25997;234.679;7718.9
1.26114;234.411;7719.2
1.26231;234.144;7719.5
1.26348;233.876;7719.8
1.26465;233.608;7720.1
1.26581;233.34;7720.41
1.26698;233.072;7720.71
1.26815;232.803;7721.01
1.26932;232.535;7721.31
1.27049;232.266;7721.61
1.27166;231.998;7721.92
1.27283;231.729;7722.22
1.27399;231.46;7722.52
1.27516;231.191;7722.83
1.27633;230.921;7723.13
1.2775;230.652;7723.43
1.27867;230.383;7723.74
1.27984;230.113;7724.04
1.28101;229.843;7724.35
1.28218;229.574;7724.65
1.28335;229.304;7724.95
1.28452;229.034;7725.26
1.28569;228.763;7725.56
1.28686;228.493;7725.87
1.28803;228.223;7726.17
1.2892;227.952;7726.48
1.29037;227.682;7726.79
1.29154;227.411;7727.09
1.29271;227.14;7727.4
1.29388;226.869;7727.7
1.29505;226.598;7728.01
1.29622;226.327;7728.32
1.29739;226.055;7728.62
1.29856;225.784;7728.93
1.29973;225.512;7729.24
1.3009;225.24;7729.54
1.30208;224.969;7729.85
1.30325;224.697;7730.16
1.30442;224.425;7730.46
1.30559;224.152;7730.77
1.30676;223.88;7731.08
1.30793;223.608;7731.39
1.3091;223.335;7731.7
1.31028;223.063;7732
1.31145;222.79;7732.31
1.31262;222.517;7732.62
1.31379;222.244;7732.93
1.31496;221.971;7733.24
1.31614;221.698;7733.55
1.31731;221.425;7733.86
1.31848;221.151;7734.17
1.31965;220.878;7734.48
1.32083;220.604;7734.79
1.322;220.33;7735.1
1.32317;220.056;7735.41
1.32435;219.782;7735.72
1.32552;219.508;7736.03
1.32669;219.234;7736.34
1.32786;218.96;7736.65
1.32904;218.686;7736.96
1.33021;218.411;7737.27
1.33139;218.136;7737.58
1.33256;217.862;7737.89
1.33373;217.587;7738.2
1.33491;217.312;7738.51
1.33608;217.037;7738.83
1.33725;216.762;7739.14
1.33843;216.487;7739.45
1.3396;216.211;7739.76
1.34078;215.936;7740.08
1.34195;215.66;7740.39
1.34313;215.385;7740.7
1.3443;215.109;7741.01
1.34547;214.833;7741.33
1.34665;214.557;7741.64
1.34782;214.281;7741.95
1.349;214.005;7742.27
1.35017;213.728;7742.58
1.35135;213.452;7742.89
1.35252;213.176;7743.21
1.3537;212.899;7743.52
1.35488;212.622;7743.84
1.35605;212.345;7744.15
1.35723;212.069;7744.46
1.3584;211.792;7744.78
1.35958;211.515;7745.09
1.36075;211.237;7745.41
1.36193;210.96;7745.72
1.36311;210.683;7746.04
1.36428;210.405;7746.35
1.36546;210.128;7746.67
1.36664;209.85;7746.99
1.36781;209.572;7747.3
1.36899;209.294;7747.62
1.37016;209.016;7747.93
1.37134;208.738;7748.25
1.37252;208.46;7748.57
1.3737;208.182;7748.88
1.37487;207.904;7749.2
1.37605;207.625;7749.52
1.37723;207.347;7749.83
1.3784;207.068;7750.15
1.37958;206.789;7750.47
1.38076;206.51;7750.79
1.38194;206.231;7751.1
1.38311;205.952;7751.42
1.38429;205.673;7751.74
1.38547;205.394;7752.06
1.38665;205.115;7752.38
1.38783;204.836;7752.69
1.38901;204.556;7753.01
1.39018;204.277;7753.33
1.39136;203.997;7753.65
1.39254;203.717;7753.97
1.39372;203.437;7754.29
1.3949;203.157;7754.61
1.39608;202.877;7754.93
1.39726;202.597;7755.25
1.39843;202.317;7755.56
1.39961;202.037;7755.88
1.40079;201.757;7756.2
1.40197;201.476;7756.52
1.40315;201.196;7756.84
1.40433;200.915;7757.16
1.40551;200.634;7757.49
1.40669;200.354;7757.81
1.40787;200.073;7758.13
1.40905;199.792;7758.45
1.41023;199.511;7758.77
1.41141;199.23;7759.09
1.41259;198.948;7759.41
1.41377;198.667;7759.73
1.41495;198.386;7760.05
1.41613;198.104;7760.37
1.41731;197.823;7760.7
1.41849;197.541;7761.02
1.41967;197.259;7761.34
1.42086;196.978;7761.66
1.42204;196.696;7761.98
1.42322;196.414;7762.31
1.4244;196.132;7762.63
1.42558;195.85;7762.95
1.42676;195.568;7763.28
1.42794;195.285;7763.6
1.42912;195.003;7763.92
1.43031;194.721;7764.24
1.43149;194.438;7764.57
1.43267;194.156;7764.89
1.43385;193.873;7765.21
1.43503;193.59;7765.54
1.43622;193.307;7765.86
1.4374;193.024;7766.19
1.43858;192.742;7766.51
1.43976;192.459;7766.83
1.44095;192.175;7767.16
1.44213;191.892;7767.48
1.44331;191.609;7767.81
1.44449;191.326;7768.13
1.44568;191.042;7768.46
1.44686;190.759;7768.78
1.44804;190.475;7769.11
1.44923;190.192;7769.43
1.45041;189.908;7769.76
1.45159;189.624;7770.08
1.45278;189.34;7770.41
1.45396;189.056;7770.73
1.45514;188.772;7771.06
1.45633;188.488;7771.39
1.45751;188.204;7771.71
1.4587;187.92;7772.04
1.45988;187.636;7772.37
1.46107;187.351;7772.69
1.46225;187.067;7773.02
1.46343;186.783;7773.34
1.46462;186.498;7773.67
1.4658;186.213;7774
1.46699;185.929;7774.33
1.46817;185.644;7774.65
1.46936;185.359;7774.98
1.47054;185.074;7775.31
1.47173;184.789;7775.64
1.47291;184.504;7775.96
1.4741;184.219;7776.29
1.47529;183.934;7776.62
1.47647;183.649;7776.95
1.47766;183.364;7777.27
1.47884;183.078;7777.6
1.48003;182.793;7777.93
1.48121;182.508;7778.26
1.4824;182.222;7778.59
1.48359;181.937;7778.92
1.48477;181.651;7779.25
1.48596;181.365;7779.57
1.48715;181.079;7779.9
1.48833;180.794;7780.23
1.48952;180.508;7780.56
1.49071;180.222;7780.89
1.49189;179.936;7781.22
1.49308;179.65;7781.55
1.49427;179.364;7781.88
1.49545;179.077;7782.21
1.49664;178.791;7782.54
1.49783;178.505;7782.87
1.49902;178.219;7783.2
1.5002;177.932;7783.53
1.50139;177.646;7783.86
1.50258;177.359;7784.19
1.50377;177.073;7784.52
1.50496;176.786;7784.85
1.50614;176.499;7785.18
1.50733;176.213;7785.51
1.50852;175.926;7785.85
1.50971;175.639;7786.18
1.5109;175.352;7786.51
1.51209;175.065;7786.84
1.51328;174.778;7787.17
1.51446;174.491;7787.5
1.51565;174.204;7787.83
1.51684;173.917;7788.17
1.51803;173.629;7788.5
1.51922;173.342;7788.83
1.52041;173.055;7789.16
1.5216;172.768;7789.49
1.52279;172.48;7789.83
1.52398;172.193;7790.16
1.52517;171.905;7790.49
1.52636;171.618;7790.82
1.52755;171.33;7791.16
1.52874;171.042;7791.49
1.52993;170.755;7791.82
1.53112;170.467;7792.15
1.53231;170.179;7792.49
1.5335;169.891;7792.82
1.53469;169.603;7793.15
1.53588;169.315;7793.49
1.53707;169.027;7793.82
1.53826;168.739;7794.15
1.53946;168.451;7794.49
1.54065;168.163;7794.82
1.54184;167.875;7795.16
1.54303;167.587;7795.49
1.54422;167.298;7795.82
1.54541;167.01;7796.16
1.5466;166.722;7796.49
1.5478;166.433;7796.83
1.54899;166.145;7797.16
1.55018;165.857;7797.5
1.55137;165.568;7797.83
1.55256;165.279;7798.17
1.55376;164.991;7798.5
1.55495;164.702;7798.84
1.55614;164.414;7799.17
1.55733;164.125;7799.51
1.55853;163.836;7799.84
1.55972;163.547;7800.18
1.56091;163.259;7800.51
1.5621;162.97;7800.85
1.5633;162.681;7801.18
1.56449;162.392;7801.52
1.56568;162.103;7801.85
1.56688;161.814;7802.19
1.56807;161.525;7802.53
1.56927;161.236;7802.86
1.57046;160.947;7803.2
1.57165;160.658;7803.53
1.57285;160.368;7803.87
1.57404;160.079;7804.21
1.57523;159.79;7804.54
1.57643;159.501;7804.88
1.57762;159.211;7805.22
1.57882;158.922;7805.55
1.58001;158.633;7805.89
1.58121;158.343;7806.23
1.5824;158.054;7806.57
1.5836;157.764;7806.9
1.58479;157.475;7807.24
1.58599;157.185;7807.58
1.58718;156.896;7807.91
1.58838;156.606;7808.25
1.58957;156.317;7808.59
1.59077;156.027;7808.93
1.59196;155.737;7809.26
1.59316;155.448;7809.6
1.59436;155.158;7809.94
1.59555;154.868;7810.28
1.59675;154.578;7810.62
1.59794;154.289;7810.95
1.59914;153.999;7811.29
1.60034;153.709;7811.63
1.60153;153.419;7811.97
1.60273;153.129;7812.31
1.60393;152.839;7812.65
1.60512;152.549;7812.98
1.60632;152.259;7813.32
1.60752;151.969;7813.66
1.60871;151.679;7814
1.60991;151.389;7814.34
1.61111;151.099;7814.68
1.61231;150.809;7815.02
1.6135;150.519;7815.36
1.6147;150.229;7815.7
1.6159;149.939;7816.04
1.6171;149.649;7816.37
1.61829;149.358;7816.71
1.61949;149.068;7817.05
1.62069;148.778;7817.39
1.62189;148.488;7817.73
1.62309;148.197;7818.07
1.62429;147.907;7818.41
1.62548;147.617;7818.75
1.62668;147.327;7819.09
1.62788;147.036;7819.43
1.62908;146.746;7819.77
1.63028;146.456;7820.11
1.63148;146.165;7820.45
1.63268;145.875;7820.79
1.63388;145.584;7821.13
1.63508;145.294;7821.47
1.63628;145.004;7821.81
1.63748;144.713;7822.15
1.63868;144.423;7822.5
1.63988;144.132;7822.84
1.64108;143.842;7823.18
1.64228;143.551;7823.52
1.64348;143.261;7823.86
1.64468;142.97;7824.2
1.64588;142.68;7824.54
1.64708;142.389;7824.88
1.64828;142.099;7825.22
1.64948;141.808;7825.56
1.65068;141.518;7825.91
1.65188;141.227;7826.25
1.65308;140.937;7826.59
1.65428;140.646;7826.93
1.65548;140.355;7827.27
1.65668;140.065;7827.61
1.65789;139.774;7827.95
1.65909;139.484;7828.3
1.66029;139.193;7828.64
1.66149;138.902;7828.98
1.66269;138.612;7829.32
1.66389;138.321;7829.66
1.6651;138.031;7830.01
1.6663;137.74;7830.35
1.6675;137.449;7830.69
1.6687;137.159;7831.03
1.66991;136.868;7831.37
1.67111;136.577;7831.72
1.67231;136.287;7832.06
1.67351;135.996;7832.4
1.67472;135.705;7832.74
1.67592;135.415;7833.09
1.67712;135.124;7833.43
1.67833;134.834;7833.77
1.67953;134.543;7834.11
1.68073;134.252;7834.46
1.68194;133.962;7834.8
1.68314;133.671;7835.14
1.68434;133.38;7835.49
1.68555;133.09;7835.83
1.68675;132.799;7836.17
1.68796;132.509;7836.51
1.68916;132.218;7836.86
1.69036;131.927;7837.2
1.69157;131.637;7837.54
1.69277;131.346;7837.89
1.69398;131.056;7838.23
1.69518;130.765;7838.57
1.69639;130.474;7838.92
1.69759;130.184;7839.26
1.6988;129.893;7839.6
1.7;129.603;7839.95
1.70121;129.312;7840.29
1.70241;129.022;7840.63
1.70362;128.731;7840.98
1.70482;128.441;7841.32
1.70603;128.15;7841.67
1.70724;127.86;7842.01
1.70844;127.569;7842.35
1.70965;127.279;7842.7
1.71085;126.988;7843.04
1.71206;126.698;7843.38
1.71327;126.407;7843.73
1.71447;126.117;7844.07
1.71568;125.826;7844.42
1.71689;125.536;7844.76
1.71809;125.246;7845.11
1.7193;124.955;7845.45
1.72051;124.665;7845.79
1.72171;124.375;7846.14
1.72292;124.084;7846.48
1.72413;123.794;7846.83
1.72534;123.504;7847.17
1.72654;123.213;7847.52
1.72775;122.923;7847.86
1.72896;122.633;7848.2
1.73017;122.343;7848.55
1.73137;122.053;7848.89
1.73258;121.762;7849.24
1.73379;121.472;7849.58
1.735;121.182;7849.93
1.73621;120.892;7850.27
1.73742;120.602;7850.62
1.73862;120.312;7850.96
1.73983;120.022;7851.31
1.74104;119.732;7851.65
1.74225;119.442;7852
1.74346;119.152;7852.34
1.74467;118.862;7852.68
1.74588;118.572;7853.03
1.74709;118.282;7853.37
1.7483;117.992;7853.72
1.74951;117.702;7854.06
1.75072;117.412;7854.41
1.75193;117.122;7854.75
1.75314;116.833;7855.1
1.75435;116.543;7855.44
1.75556;116.253;7855.79
1.75677;115.963;7856.13
1.75798;115.674;7856.48
1.75919;115.384;7856.82
1.7604;115.094;7857.17
1.76161;114.805;7857.52
1.76282;114.515;7857.86
1.76403;114.226;7858.21
1.76524;113.936;7858.55
1.76645;113.647;7858.9
1.76766;113.357;7859.24
1.76887;113.068;7859.59
1.77008;112.778;7859.93
1.7713;112.489;7860.28
1.77251;112.2;7860.62
1.77372;111.911;7860.97
1.77493;111.621;7861.31
1.77614;111.332;7861.66
1.77736;111.043;7862
1.77857;110.754;7862.35
1.77978;110.465;7862.69
1.78099;110.176;7863.04
1.7822;109.887;7863.39
1.78342;109.598;7863.73
1.78463;109.309;7864.08
1.78584;109.02;7864.42
1.78706;108.731;7864.77
1.78827;108.442;7865.11
1.78948;108.153;7865.46
1.79069;107.864;7865.8
1.79191;107.576;7866.15
1.79312;107.287;7866.49
1.79433;106.998;7866.84
1.79555;106.71;7867.18
1.79676;106.421;7867.53
1.79798;106.133;7867.88
1.79919;105.844;7868.22
1.8004;105.556;7868.57
1.80162;105.267;7868.91
1.80283;104.979;7869.26
1.80405;104.69;7869.6
1.80526;104.402;7869.95
1.80648;104.114;7870.29
1.80769;103.826;7870.64
1.80891;103.538;7870.98
1.81012;103.25;7871.33
1.81134;102.962;7871.68
1.81255;102.674;7872.02
1.81377;102.386;7872.37
1.81498;102.098;7872.71
1.8162;101.81;7873.06
1.81741;101.522;7873.4
1.81863;101.234;7873.75
1.81984;100.947;7874.09
1.82106;100.659;7874.44
1.82228;100.371;7874.78
1.82349;100.084;7875.13
1.82471;99.7962;7875.47
1.82592;99.5088;7875.82
1.82714;99.2214;7876.16
1.82836;98.934;7876.51
1.82957;98.6467;7876.86
1.83079;98.3595;7877.2
1.83201;98.0723;7877.55
1.83322;97.7851;7877.89
1.83444;97.4981;7878.24
1.83566;97.211;7878.58
1.83688;96.9241;7878.93
1.83809;96.6371;7879.27
1.83931;96.3503;7879.62
1.84053;96.0635;7879.96
1.84175;95.7767;7880.31
1.84296;95.49;7880.65
1.84418;95.2034;7881
1.8454;94.9168;7881.34
1.84662;94.6303;7881.69
1.84784;94.3438;7882.03
1.84905;94.0574;7882.38
1.85027;93.7711;7882.72
1.85149;93.4848;7883.06
1.85271;93.1986;7883.41
1.85393;92.9124;7883.75
1.85515;92.6263;7884.1
1.85637;92.3403;7884.44
1.85759;92.0543;7884.79
1.85881;91.7684;7885.13
1.86002;91.4826;7885.47
1.86124;91.1968;7885.82
1.86246;90.9111;7886.16
1.86368;90.6254;7886.5
1.8649;90.3399;7886.84
1.86612;90.0543;7887.19
1.86734;89.7689;7887.53
1.86856;89.4835;7887.87
1.86978;89.1982;7888.21
1.871;88.9129;7888.55
1.87222;88.6277;7888.89
1.87344;88.3426;7889.23
1.87467;88.0575;7889.57
1.87589;87.7726;7889.91
1.87711;87.4876;7890.25
1.87833;87.2028;7890.59
1.87955;86.918;7890.93
1.88077;86.6333;7891.27
1.88199;86.3487;7891.61
1.88321;86.0641;7891.95
1.88443;85.7796;7892.28
1.88566;85.4952;7892.62
1.88688;85.2109;7892.96
1.8881;84.9266;7893.29
1.88932;84.6424;7893.63
1.89054;84.3583;7893.96
1.89177;84.0742;7894.29
1.89299;83.7902;7894.63
1.89421;83.5063;7894.96
1.89543;83.2225;7895.29
1.89665;82.9388;7895.62
1.89788;82.6551;7895.94
1.8991;82.3715;7896.26
1.90032;82.088;7896.58
1.90155;81.8045;7896.9
1.90277;81.5212;7897.22
1.90399;81.2379;7897.53
1.90522;80.9547;7897.83
1.90644;80.6715;7898.14
1.90766;80.3885;7898.43
1.90889;80.1055;7898.72
1.91011;79.8226;7899.01
1.91133;79.5398;7899.29
1.91256;79.2571;7899.56
1.91378;78.9744;7899.83
1.91501;78.6919;7900.08
1.91623;78.4094;7900.33
1.91745;78.127;7900.57
1.91868;77.8446;7900.79
1.9199;77.5624;7901
1.92113;77.2802;7901.2
1.92235;76.9982;7901.39
1.92358;76.7162;7901.55
1.9248;76.4343;7901.7
1.92603;76.1524;7901.84
1.92725;75.8707;7901.94
1.92848;75.589;7902.03
1.9297;75.3074;7902.09
1.93093;75.0259;7902.13
1.93215;74.7445;7902.13
1.93338;74.4632;7902.1
1.9346;74.1819;7902.04
1.93583;73.9007;7901.94
1.93705;73.6197;7901.8
1.93828;73.3386;7901.62
1.9395;73.0577;7901.38
1.94073;72.7769;7901.1
1.94195;72.4961;7900.76
1.94318;72.2154;7900.36
1.9444;71.9347;7899.89
1.94563;71.6542;7899.36
1.94686;71.3737;7898.75
1.94808;71.0933;7898.06
1.94931;70.813;7897.28
1.95053;70.5327;7896.41
1.95176;70.2525;7895.43
1.95298;69.9724;7894.35
1.95421;69.6923;7893.15
1.95543;69.4123;7891.83
1.95666;69.1323;7890.38
1.95788;68.8524;7888.78
1.9591;68.5725;7887.03
1.96033;68.2927;7885.11
1.96155;68.0129;7883.03
1.96278;67.7332;7880.75
1.964;67.4535;7878.28
1.96522;67.1738;7875.59
1.96644;66.8941;7872.68
1.96767;66.6144;7869.53
1.96889;66.3348;7866.12
1.97011;66.0551;7862.44
1.97133;65.7754;7858.47
1.97255;65.4958;7854.19
1.97377;65.216;7849.58
1.97499;64.9363;7844.63
1.97621;64.6565;7839.31
1.97742;64.3766;7833.59
1.97864;64.0967;7827.47
1.97986;63.8166;7820.9
1.98107;63.5365;7813.87
1.98229;63.2562;7806.36
1.9835;62.9759;7798.32
1.98471;62.6953;7789.74
1.98592;62.4146;7780.58
1.98713;62.1337;7770.81
1.98833;61.8526;7760.39
1.98954;61.5713;7749.31
1.99074;61.2897;7737.51
1.99195;61.0078;7724.96
1.99315;60.7256;7711.63
1.99435;60.4431;7697.47
1.99554;60.1602;7682.44
1.99673;59.8769;7666.5
1.99793;59.5932;7649.61
1.99912;59.309;7631.72
2.0003;59.0242;7612.79
2.00148;58.739;7592.76
2.00266;58.4531;7571.58
2.00384;58.1666;7549.22
2.00501;57.8794;7525.61
2.00618;57.5915;7500.7
2.00735;57.3027;7474.44
2.00851;57.0131;7446.78
2.00967;56.7227;7417.65
2.01082;56.4312;7387
2.01197;56.1387;7354.78
2.01312;55.8451;7320.92
2.01425;55.5504;7285.37
2.01539;55.2544;7248.07
2.01651;54.957;7209.07
2.01763;54.6583;7169.01
2.01875;54.3581;7127.88
2.01986;54.0562;7085.64
2.02096;53.7528;7042.28
2.02205;53.4475;6997.78
2.02314;53.1404;6952.11
2.02422;52.8314;6905.26
2.0253;52.5203;6857.19
2.02636;52.207;6807.9
2.02742;51.8915;6757.35
2.02847;51.5736;6705.52
2.02952;51.2533;6652.4
2.03055;50.9304;6597.96
2.03158;50.6048;6542.18
2.03259;50.2765;6485.04
2.0336;49.9452;6426.52
2.0346;49.6109;6366.59
2.03559;49.2735;6305.25
2.03657;48.9328;6242.47
2.03754;48.5888;6178.23
2.03851;48.2412;6112.52
2.03946;47.89;6045.32
2.0404;47.5351;5976.61
2.04133;47.1763;5906.38
2.04224;46.8136;5834.63
2.04315;46.4466;5761.33
2.04405;46.0754;5686.49
2.04493;45.6999;5611.02
2.0458;45.3198;5535.14
2.04666;44.935;5458.85
2.04751;44.5454;5382.14
2.04835;44.1509;5305.01
2.04917;43.7513;5227.44
2.04999;43.3466;5149.44
2.05079;42.9365;5070.99
2.05158;42.521;4992.09
2.05235;42.0998;4912.72
2.05311;41.673;4832.89
2.05386;41.2403;4752.59
2.0546;40.8017;4671.82
2.05533;40.357;4590.56
2.05604;39.9061;4508.82
2.05674;39.4489;4426.6
2.05743;38.9852;4343.88
2.0581;38.5149;4260.68
2.05876;38.038;4177
2.05941;37.5543;4092.84
2.06004;37.0637;4008.2
2.06066;36.566;3923.09
2.06127;36.0613;3837.53
2.06186;35.5493;3751.53
2.06244;35.0299;3665.11
2.06301;34.5031;3578.28
2.06356;33.9687;3491.08
2.0641;33.4267;3403.52
2.06462;32.8769;3315.66
2.06513;32.3192;3227.52
2.06563;31.7536;3139.15
2.06611;31.1799;3050.61
2.06658;30.5981;2961.96
2.06703;30.008;2873.26
2.06747;29.4096;2784.6
2.0679;28.8028;2696.05
2.06831;28.1875;2607.72
2.0687;27.5636;2519.71
2.06908;26.9311;2432.15
2.06945;26.2898;2345.16
2.0698;25.6397;2258.89
2.07014;24.9807;2173.5
2.07046;24.3128;2089.17
2.07077;23.6359;2006.08
2.07106;22.9499;1924.43
2.07134;22.2547;1844.46
2.07161;21.5504;1766.4
2.07186;20.8368;1690.5
2.0721;20.1139;1617.03
2.07233;19.3816;1545.18
2.07254;18.64;1475.38
2.07273;17.8889;1408.26
2.07292;17.1284;1344.47
2.07309;16.3583;1284.6
2.07325;15.5787;1229.18
2.0734;14.7894;1178.65
2.07353;13.9906;1133.36
2.07365;13.1822;1093.51
2.07376;12.3641;1059.17
2.07387;11.5363;1030.27
2.07396;10.6987;1006.6
2.07404;9.85152;987.777
2.07411;8.99457;973.246
2.07418;8.12786;962.892
2.07424;7.2514;956.348
2.07429;6.36518;926.466
2.07426;5.46917;915.614
2.07426;4.56339;925.417
2.07426;3.6478;935.223
2.07427;2.72241;945.033
2.07427;1.78722;954.845
2.07427;0.842205;964.66
